site,treatment,plot_id,functional_group,family,taxon,name_2020,note_taxonomy
ACJ,B,1,Woody,Asteraceae,Baccharis sp,Baccharis tricuneata,NA
ACJ,B,1,Fern,Pteridaceae,Eriosorus cheilanthoides,Eriosorus cheilanthoides,NA
ACJ,B,1,Forb,Rubiaceae,Galium hypocarpium,Galium corymbosum,NA
ACJ,B,1,Woody,Ericaceae,Gaultheria glomerata,Gaultheria glomerata,NA
ACJ,B,1,Woody,Ericaceae,Gaultheria vaccinioides,Gaultheria vaccinioides,NA
ACJ,B,1,Forb,Gentianaceae,Gentiana sedifolia,Gentiana sedifolia,NA
ACJ,B,1,Forb,Gentianaceae,Halenia umbellata,Halenia umbellata,NA
ACJ,B,1,Forb,Asteraceae,Hieracium sp,Hieracium cf. mandonii,NA
ACJ,B,1,Woody,Hypericaceae,Hypericum andinum,Hypericum andinum,NA
ACJ,B,1,Fern,Lycopodiaceae,Lycopodium sp,Lycopodium clavatum,NA
ACJ,B,1,Woody,Melastomataceae,Miconia rotundifolia,Miconia rotundifolia,NA
ACJ,B,1,Woody,Ericaceae,Pernettya prostrata,Pernettya prostrata,NA
ACJ,B,1,Woody,Ericaceae,Vaccinium floribundum,Vaccinium floribundum,NA
ACJ,B,1,Gramminoid,Poaceae,Paspalum bonplandianum,Paspalum bonplandianum,NA
ACJ,B,1,Gramminoid,Poaceae,Bromus spblue,Festuca dolichophylla,NA
ACJ,B,1,Gramminoid,Cyperaceae,Carex pichinchensis,Carex pichinchensis,NA
ACJ,B,1,Gramminoid,Cyperaceae,Rhynchospora macrochaeta,Rhynchospora macrochaeta,NA
ACJ,B,1,Gramminoid,Poaceae,Calamagrostis sp2,Calamagrostis tarmensis,NA
ACJ,B,1,Gramminoid,Poaceae,Agrostis spnorwegian,Agrostis mertensii,NA
ACJ,B,2,Forb,Rosaceae,Alchemilla vulcanica,Lachemilla jamesonii,NA
ACJ,B,2,Forb,Asteraceae,Chaptalia cordata,Chaptalia cordata,NA
ACJ,B,2,Fern,Pteridaceae,Eriosorus cheilanthoides,Eriosorus cheilanthoides,NA
ACJ,B,2,Woody,Ericaceae,Gaultheria glomerata,Gaultheria glomerata,NA
ACJ,B,2,Forb,Gentianaceae,Halenia umbellata,Halenia umbellata,NA
ACJ,B,2,Forb,Asteraceae,Hieracium sp,Hieracium cf. mandonii,NA
ACJ,B,2,Woody,Melastomataceae,Miconia rotundifolia,Miconia rotundifolia,NA
ACJ,B,2,Woody,Ericaceae,Pernettya prostrata,Pernettya prostrata,NA
ACJ,B,2,Forb,Bromeliaceae,Puya leptostachya,Puya leptostachya,NA
ACJ,B,2,Woody,Ericaceae,Vaccinium floribundum,Vaccinium floribundum,NA
ACJ,B,2,Gramminoid,Cyperaceae,Carex tristicha,Carex pygmaea,NA
ACJ,B,2,Gramminoid,Poaceae,Paspalum bonplandianum,Paspalum bonplandianum,NA
ACJ,B,2,Gramminoid,Cyperaceae,Rhynchospora macrochaeta,Rhynchospora macrochaeta,NA
ACJ,B,2,Gramminoid,Poaceae,Calamagrostis sp2,Calamagrostis tarmensis,NA
ACJ,B,2,Gramminoid,Cyperaceae,Scirpus sp,Oreobolus venezuelensis,NA
ACJ,B,2,Gramminoid,Juncaceae,Luzula sp,Luzula racemosa,NA
ACJ,B,3,Gramminoid,Poaceae,Agrostis spnorwegian,Agrostis mertensii,NA
ACJ,B,2,Gramminoid,Poaceae,Bromus spblue,Festuca dolichophylla,NA
ACJ,B,3,Forb,Rosaceae,Alchemilla sp,Lachemilla cf vulcanica,NA
ACJ,B,3,Woody,Asteraceae,Baccharis genistelloides,Baccharis genistelloides,NA
ACJ,B,3,Forb,Asteraceae,Chaptalia cordata,Chaptalia cordata,NA
ACJ,B,3,Woody,Ericaceae,Gaultheria glomerata,Gaultheria glomerata,NA
ACJ,B,3,Forb,Gentianaceae,Halenia umbellata,Halenia umbellata,NA
ACJ,B,3,Fern,Pteridaceae,Jamesonia alstonii,Eriosorus cheilanthoides,before Jamesonia blepharum modified
ACJ,B,3,Fern,Lycopodiaceae,Lycopodium sp,Lycopodium clavatum,NA
ACJ,B,3,Forb,Violaceae,Lysipomia laciniata,Viola pygmaea,NA
ACJ,B,3,Woody,Melastomataceae,Miconia rotundifolia,Miconia rotundifolia,NA
ACJ,B,3,Gramminoid,Poaceae,Paspalum bonplandianum,Paspalum bonplandianum,NA
ACJ,B,3,Woody,Ericaceae,Pernettya prostrata,Pernettya prostrata,NA
ACJ,B,3,Woody,Ericaceae,Vaccinium floribundum,Vaccinium floribundum,NA
ACJ,B,3,Gramminoid,Poaceae,Bromus sp,Festuca dolichophylla,"before Festuca procera, modified by Lucely"
ACJ,B,3,Gramminoid,Cyperaceae,Carex tristicha,Carex pygmaea,NA
ACJ,B,3,Gramminoid,Poaceae,Cortaderia bifida,Cortaderia bifida,NA
ACJ,B,3,Gramminoid,Cyperaceae,Rhynchospora macrochaeta,Rhynchospora macrochaeta,NA
ACJ,B,3,Gramminoid,Poaceae,Calamagrostis sp2,Calamagrostis tarmensis,NA
ACJ,B,4,Woody,Asteraceae,Baccharis genistelloides,Baccharis genistelloides,NA
ACJ,B,4,Woody,Melastomataceae,Brachyotum sp,Brachyotum grisebachii,NA
ACJ,B,4,Forb,Rubiaceae,Galium hypocarpium,Galium corymbosum,NA
ACJ,B,4,Woody,Ericaceae,Gaultheria glomerata,Gaultheria glomerata,NA
ACJ,B,4,Forb,Gentianaceae,Halenia umbellata,Halenia umbellata,NA
ACJ,B,4,Woody,Ericaceae,Pernettya prostrata,Pernettya prostrata,NA
ACJ,B,4,Woody,Ericaceae,Vaccinium floribundum,Vaccinium floribundum,NA
ACJ,B,4,Gramminoid,Poaceae,Agrostis sp2,Agrostis mertensii,NA
ACJ,B,4,Gramminoid,Poaceae,Bromus spblue,Festuca dolichophylla,NA
ACJ,B,4,Gramminoid,Cyperaceae,Carex pichinchensis,Carex pichinchensis,NA
ACJ,B,4,Gramminoid,Cyperaceae,Carex tristicha,Carex pygmaea,NA
ACJ,B,4,Gramminoid,Cyperaceae,Rhynchospora macrochaeta,Rhynchospora macrochaeta,NA
ACJ,B,4,Gramminoid,Poaceae,Calamagrostis sp2,Calamagrostis tarmensis,NA
ACJ,B,5,Forb,Rosaceae,Alchemilla sp,Lachemilla cf vulcanica,NA
ACJ,B,5,Fern,Dryopteridaceae,Elaphoglossum huacsaro,Elaphoglossum huacsaro,NA
ACJ,B,5,Forb,Rubiaceae,Galium hypocarpium,Galium corymbosum,NA
ACJ,B,5,Woody,Ericaceae,Gaultheria glomerata,Gaultheria glomerata,NA
ACJ,B,5,Forb,Gentianaceae,Halenia umbellata,Halenia umbellata,NA
ACJ,B,5,Woody,Hypericaceae,Hypericum andinum,Hypericum andinum,NA
ACJ,B,5,Fern,Lycopodiaceae,Lycopodium sp,Lycopodium clavatum,NA
ACJ,B,5,Woody,Ericaceae,Pernettya prostrata,Pernettya prostrata,NA
ACJ,B,5,Forb,Bromeliaceae,Puya leptostachya,Puya leptostachya,NA
ACJ,B,5,Woody,Ericaceae,Vaccinium floribundum,Vaccinium floribundum,NA
ACJ,B,5,Gramminoid,Poaceae,Agrostis sp2,Calamagrostis cf. amoena,NA
ACJ,B,5,Gramminoid,Cyperaceae,Carex tristicha,Carex pygmaea,NA
ACJ,B,5,Gramminoid,Cyperaceae,Rhynchospora macrochaeta,Rhynchospora macrochaeta,NA
ACJ,B,5,Gramminoid,Poaceae,Calamagrostis sp2,Calamagrostis tarmensis,NA
ACJ,B,5,Gramminoid,Juncaceae,Luzula sp,Luzula racemosa,NA
ACJ,B,5,Gramminoid,Poaceae,Agrostis sp4,Agrostis mertensii,NA
ACJ,B,5,Gramminoid,Poaceae,Bromus spblue,Festuca dolichophylla,NA
ACJ,C,1,Woody,Asteraceae,Baccharis genistelloides,Baccharis genistelloides,NA
ACJ,C,1,Forb,Asteraceae,Chaptalia cordata,Chaptalia cordata,NA
ACJ,C,1,Fern,Dryopteridaceae,Elaphoglossum huacsaro,Elaphoglossum amphioxys,NA
ACJ,C,1,Woody,Ericaceae,Gaultheria glomerata,Gaultheria glomerata,NA
ACJ,C,1,Forb,Gentianaceae,Halenia umbellata,Halenia umbellata,NA
ACJ,C,1,Woody,Hypericaceae,Hypericum andinum,Hypericum andinum,NA
ACJ,C,1,Woody,Ericaceae,Pernettya prostrata,Pernettya prostrata,NA
ACJ,C,1,Woody,Ericaceae,Vaccinium floribundum,Vaccinium floribundum,NA
ACJ,C,1,Woody,Ericaceae,Gaultheria vaccinioides,Gaultheria vaccinioides,NA
ACJ,C,1,Fern,Lycopodiaceae,Lycopodium sp,Lycopodium clavatum,NA
ACJ,C,1,Fern,Pteridaceae,Eriosorus cheilanthoides,Eriosorus cheilanthoides,NA
ACJ,C,1,Woody,Melastomataceae,Miconia rotundifolia,Miconia rotundifolia,NA
ACJ,C,1,Fern,Polypodiaceae,Melpomene moniliformis,Melpomene moniliformis,NA
ACJ,C,1,Gramminoid,Poaceae,Calamagrostis sp2,Calamagrostis tarmensis,NA
ACJ,C,1,Gramminoid,Poaceae,Agrostis sp2,Agrostis mertensii,NA
ACJ,C,1,Gramminoid,Cyperaceae,Carex pichinchensis,Carex pichinchensis,NA
ACJ,C,1,Gramminoid,Poaceae,Bromus sp,Festuca dolichophylla,"before Festuca procera, modified by Lucely"
ACJ,C,1,Gramminoid,Cyperaceae,Rhynchospora macrochaeta,Rhynchospora macrochaeta,NA
ACJ,C,1,Gramminoid,Poaceae,Cortaderia bifida,Cortaderia hapalotricha,NA
ACJ,C,2,Forb,Asteraceae,Chaptalia cordata,Chaptalia cordata,NA
ACJ,C,2,Gramminoid,Poaceae,Cortaderia bifida,Cortaderia bifida,NA
ACJ,C,2,Fern,Dryopteridaceae,Elaphoglossum sp1,Elaphoglossum amphioxys,NA
ACJ,C,2,Fern,Pteridaceae,Eriosorus cheilanthoides,Eriosorus cheilanthoides,NA
ACJ,C,2,Woody,Ericaceae,Gaultheria glomerata,Gaultheria glomerata,NA
ACJ,C,2,Forb,Asteraceae,Hieracium sp,Hieracium cf. mandonii,NA
ACJ,C,2,Fern,Polypodiaceae,Melpomene moniliformis,Melpomene moniliformis,NA
ACJ,C,2,Woody,Melastomataceae,Miconia rotundifolia,Miconia rotundifolia,NA
ACJ,C,2,Forb,Orchidaceae,Orchidaceae,Pterichis sp1,NA
ACJ,C,2,Woody,Ericaceae,Vaccinium floribundum,Vaccinium floribundum,NA
ACJ,C,2,Gramminoid,Cyperaceae,Juncus sp,Carex sp8,NA
ACJ,C,2,Gramminoid,Poaceae,Calamagrostis sp2,Calamagrostis tarmensis,NA
ACJ,C,2,Gramminoid,Poaceae,Agrostis sp2,Agrostis mertensii,NA
ACJ,C,3,Woody,Asteraceae,Baccharis genistelloides,Baccharis genistelloides,NA
ACJ,C,3,Forb,Asteraceae,Chaptalia cordata,Chaptalia cordata,NA
ACJ,C,3,Fern,Dryopteridaceae,Elaphoglossum huacsaro,Elaphoglossum huacsaro,NA
ACJ,C,3,Fern,Dryopteridaceae,Elaphoglossum amphioxys,Elaphoglossum amphioxys,NA
ACJ,C,3,Fern,Pteridaceae,Eriosorus cheilanthoides,Eriosorus cheilanthoides,NA
ACJ,C,3,Forb,Rubiaceae,Galium hypocarpium,Galium corymbosum,NA
ACJ,C,3,Woody,Ericaceae,Gaultheria glomerata,Gaultheria glomerata,NA
ACJ,C,3,Forb,Asteraceae,Hieracium sp,Hieracium cf. mandonii,NA
ACJ,C,3,Woody,Hypericaceae,Hypericum andinum,Hypericum andinum,NA
ACJ,C,3,Fern,Lycopodiaceae,Lycopodium sp,Lycopodium clavatum,NA
ACJ,C,3,Fern,Polypodiaceae,Melpomene moniliformis,Melpomene moniliformis,NA
ACJ,C,3,Gramminoid,Poaceae,Bromus lanatus,Bromus lanatus,NA
ACJ,C,3,Gramminoid,Cyperaceae,Carex pichinchensis,Carex pichinchensis,NA
ACJ,C,3,Gramminoid,Poaceae,Cortaderia bifida,Cortaderia bifida,NA
ACJ,C,3,Gramminoid,Cyperaceae,Rhynchospora macrochaeta,Rhynchospora macrochaeta,NA
ACJ,C,3,Gramminoid,Poaceae,Calamagrostis sp2,Calamagrostis tarmensis,NA
ACJ,C,3,Gramminoid,Poaceae,Calamagrostis sp3,Calamagrostis tarmensis,NA
ACJ,C,3,Gramminoid,Poaceae,Agrostis sp4,Agrostis mertensii,NA
ACJ,C,4,Forb,Rosaceae,Alchemilla vulcanica,Lachemilla orbiculata,NA
ACJ,C,4,Forb,Asteraceae,Chaptalia cordata,Chaptalia cordata,NA
ACJ,C,4,Fern,Dryopteridaceae,Elaphoglossum huacsaro,Elaphoglossum huacsaro,NA
ACJ,C,4,Woody,Ericaceae,Gaultheria glomerata,Gaultheria glomerata,NA
ACJ,C,4,Woody,Hypericaceae,Hypericum andinum,Hypericum andinum,NA
ACJ,C,4,Fern,Polypodiaceae,Melpomene moniliformis,Melpomene moniliformis,NA
ACJ,C,4,Woody,Ericaceae,Pernettya prostrata,Pernettya prostrata,NA
ACJ,C,4,Woody,Ericaceae,Vaccinium floribundum,Vaccinium floribundum,NA
ACJ,C,4,Gramminoid,Poaceae,Bromus sp,Festuca dolichophylla,"before Festuca procera, modified by Lucely"
ACJ,C,4,Gramminoid,Cyperaceae,Carex pichinchensis,Carex pichinchensis,NA
ACJ,C,4,Gramminoid,Poaceae,Calamagrostis sp2,Calamagrostis tarmensis,NA
ACJ,C,4,Gramminoid,Poaceae,Calamagrostis sp3,Calamagrostis cf. amoena,NA
ACJ,C,5,Woody,Asteraceae,Baccharis genistelloides,Baccharis genistelloides,NA
ACJ,C,5,Forb,Asteraceae,Chaptalia cordata,Chaptalia cordata,NA
ACJ,C,5,Fern,Dryopteridaceae,Elaphoglossum huacsaro,Elaphoglossum huacsaro,NA
ACJ,C,5,Fern,Pteridaceae,Eriosorus cheilanthoides,Eriosorus cheilanthoides,NA
ACJ,C,5,Forb,Euphobiaceae,Euphorbia thymifolia,Euphorbia huanchahana,NA
ACJ,C,5,Woody,Ericaceae,Gaultheria glomerata,Gaultheria glomerata,NA
ACJ,C,5,Forb,Gentianaceae,Halenia umbellata,Halenia umbellata,NA
ACJ,C,5,Woody,Hypericaceae,Hypericum andinum,Hypericum andinum,NA
ACJ,C,5,Fern,Lycopodiaceae,Lycopodium sp,Lycopodium clavatum,NA
ACJ,C,5,Woody,Melastomataceae,Miconia rotundifolia,Miconia rotundifolia,NA
ACJ,C,5,Woody,Ericaceae,Pernettya prostrata,Pernettya prostrata,NA
ACJ,C,5,Gramminoid,Poaceae,Agrostis sp2,Agrostis mertensii,NA
ACJ,C,5,Gramminoid,Poaceae,Bromus sp,Festuca dolichophylla,"before Festuca procera, modified by Lucely"
ACJ,C,5,Gramminoid,Cyperaceae,Carex pichinchensis,Carex pichinchensis,NA
ACJ,C,5,Gramminoid,Poaceae,Calamagrostis sp2,Calamagrostis tarmensis,NA
ACJ,C,5,Gramminoid,Cyperaceae,Rhynchospora macrochaeta,Rhynchospora macrochaeta,NA
ACJ,C,5,Gramminoid,Poaceae,Cortaderia bifida,Cortaderia bifida,NA
WAY,B,1,Woody,Asteraceae,Baccharis sp,Baccharis tricuneata,NA
WAY,B,1,Woody,Melastomataceae,Brocholum sp,Brachyotum grisebachii,NA
WAY,B,1,Fern,Pteridaceae,Eriosorus cheilanthoides,Eriosorus cheilanthoides,NA
WAY,B,1,Forb,Rubiaceae,Galium hypocarpium,Galium corymbosum,NA
WAY,B,1,Woody,Ericaceae,Gaultheria vaccinioides,Gaultheria vaccinioides,NA
WAY,B,1,Forb,Gentianaceae,Gentiana sedifolia,Gentiana sedifolia,NA
WAY,B,1,Forb,Gentianaceae,Halenia umbellata,Halenia umbellata,NA
WAY,B,1,Fern,Lycopodiaceae,Lycopodiella cernua,Lycopodium thyoides,NA
WAY,B,1,Forb,Rubiaceae,Nertera granadensis,Nertera granadensis,NA
WAY,B,1,Forb,Orchidaceae,Orchidaceae,Cyrtochilum mystacinum,NA
WAY,B,1,Moss,Polytrichaceae,Polytrichum sp,Polytrichum sp1,NA
WAY,B,1,Forb,Orchidaceae,Pterichis silvestris,Pterichis sp1,NA
WAY,B,1,Forb,Asteraceae,Senecio sp,Senecio burkartii,NA
WAY,B,1,Forb,Iridaceae,Sisyrinchium sp,Sisyrinchium vaginatum,NA
WAY,B,1,Forb,Asteraceae,Stevia cuzcoensis,Stevia pennellii,NA
WAY,B,1,Forb,Asteraceae,Stevia sp,Stevia pennellii,NA
WAY,B,1,Gramminoid,Poaceae,Bromus spblue,Festuca dolichophylla,NA
WAY,B,1,Gramminoid,Cyperaceae,Calamagrostis sp3,Carex cf. crinalis,NA
WAY,B,1,Gramminoid,Cyperaceae,Rhynchospora macrochaeta,Rhynchospora aristata,NA
WAY,B,1,Gramminoid,Poaceae,Calamagrostis sp2,Calamagrostis rigida,NA
WAY,B,1,Gramminoid,Poaceae,Calamagrostis sp5,Danthonia secundiflora,NA
WAY,B,2,Forb,Asteraceae,Antennaria linearifolia,Gnaphalium dombeyanum,"Before Antennaria linearifolia, changed by Lucely"
WAY,B,2,Forb,Gentianaceae,Halenia umbellata,Halenia umbellata,NA
WAY,B,2,Fern,Pteridaceae,Eriosorus cheilanthoides,Eriosorus cheilanthoides,NA
WAY,B,2,Fern,Lycopodiaceae,Lycopodiella cernua,Lycopodium thyoides,NA
WAY,B,2,Fern,Lycopodiaceae,Lycopodium sp,Lycopodium clavatum,NA
WAY,B,2,Forb,Rubiaceae,Nertera granadensis,Nertera granadensis,NA
WAY,B,2,Forb,Orchidaceae,Pterichis silvestris,Pterichis sp1,NA
WAY,B,2,Forb,Asteraceae,Senecio sp,Senecio burkartii,NA
WAY,B,2,Forb,Asteraceae,Stevia cuzcoensis,Stevia pennellii,NA
WAY,B,2,Gramminoid,Poaceae,Bromus spblue,Festuca dolichophylla,NA
WAY,B,2,Gramminoid,Cyperaceae,Carex sp1,Carex cf. crinalis,NA
WAY,B,2,Gramminoid,Poaceae,Calamagrostis sp2,Calamagrostis rigida,NA
WAY,B,3,Forb,Rosaceae,Alchemilla orbiculata,Lachemilla orbiculata,NA
WAY,B,3,Woody,Ericaceae,Gaultheria glomerata,Gaultheria glomerata,NA
WAY,B,3,Forb,Asteraceae,Gnaphalium dombeyanum,Gnaphalium dombeyanum,NA
WAY,B,3,Fern,Lycopodiaceae,Lycopodiella cernua,Lycopodium thyoides,NA
WAY,B,3,Fern,Lycopodiaceae,Lycopodium sp,Lycopodium clavatum,NA
WAY,B,3,Forb,Orchidaceae,Pterichis silvestris,Pterichis sp1,NA
WAY,B,3,Fern,Dennstaedtiaceae,Pteridium aquilinum,Pteridium aquilinum,NA
WAY,B,3,Forb,Asteraceae,Senecio sp,Senecio burkartii,NA
WAY,B,3,Forb,Asteraceae,Stevia sp,Stevia pennellii,NA
WAY,B,3,Gramminoid,Cyperaceae,Carex splong,Carex bonplandii,NA
WAY,B,3,Gramminoid,Poaceae,Bromus spblue,Festuca dolichophylla,NA
WAY,B,3,Gramminoid,Cyperaceae,Rhynchospora aristata,Rhynchospora aristata,NA
WAY,B,3,Gramminoid,Poaceae,Calamagrostis sp2,Calamagrostis tarmensis,NA
WAY,B,3,Gramminoid,Poaceae,Calamagrostis sp5,Danthonia secundiflora,NA
WAY,B,3,Gramminoid,Poaceae,Calamagrostis sp3,Calamagrostis cf. amoena,NA
WAY,B,4,Forb,Asteraceae,Antennaria linearifolia,Gnaphalium dombeyanum,"Before Antennaria linearifolia, changed by Lucely"
WAY,B,4,Fern,Lycopodiaceae,Lycopodiella cernua,Lycopodium thyoides,NA
WAY,B,4,Fern,Lycopodiaceae,Lycopodium sp,Lycopodium clavatum,NA
WAY,B,4,Forb,Rubiaceae,Nertera granadensis,Nertera granadensis,NA
WAY,B,4,Forb,Asteraceae,Senecio sp,Senecio burkartii,NA
WAY,B,4,Forb,Asteraceae,Stevia cuzcoensis,Stevia pennellii,NA
WAY,B,4,Gramminoid,Poaceae,Agrostis sp2,Agrostis mertensii,NA
WAY,B,4,Gramminoid,Poaceae,Bromus spblue,Festuca dolichophylla,NA
WAY,B,4,Gramminoid,Cyperaceae,Carex sp1,Carex bonplandii,NA
WAY,B,4,Gramminoid,Cyperaceae,Rhynchospora aristata,Rhynchospora aristata,NA
WAY,B,4,Gramminoid,Cyperaceae,Carex splong,Carex cf. crinalis,NA
WAY,B,4,Gramminoid,Poaceae,Calamagrostis sp2long,Calamagrostis rigida,NA
WAY,B,5,Forb,Alstroemeriaceae,Bomarea dulcis,Bomarea brevis,NA
WAY,B,5,Forb,Gentianaceae,Halenia umbellata,Halenia umbellata,NA
WAY,B,5,Forb,Asteraceae,Hieracium sp,Hieracium cf. mandonii,NA
WAY,B,5,Forb,Asteraceae,Hypochaeris taraxacoides,Hypochaeris taraxacoides,NA
WAY,B,5,Fern,Lycopodiaceae,Lycopodium sp,Lycopodium thyoides,NA
WAY,B,5,Fern,Dennstaedtiaceae,Pteridium aquilinum,Pteridium aquilinum,NA
WAY,B,5,Forb,Asteraceae,Stevia sp,Stevia pennellii,NA
WAY,B,5,Forb,Iridaceae,Sisyrinchium sp,Sisyrinchium vaginatum,NA
WAY,B,5,Forb,Asteraceae,Stevia cuzcoensis,Stevia pennellii,NA
WAY,B,5,Gramminoid,Poaceae,Agrostis sp2,Agrostis mertensii,NA
WAY,B,5,Gramminoid,Poaceae,Bromus spblue,Festuca dolichophylla,NA
WAY,B,5,Gramminoid,Cyperaceae,Rhynchospora aristata,Rhynchospora aristata,NA
WAY,B,5,Gramminoid,Cyperaceae,Carex boliviensis,Carex boliviensis,NA
WAY,B,5,Gramminoid,Poaceae,Calamagrostis sp2long,Calamagrostis tarmensis,NA
WAY,B,5,Gramminoid,Poaceae,Calamagrostis sp3,Calamagrostis cf. amoena,NA
WAY,C,1,Forb,Rosaceae,Alchemilla orbiculata,Lachemilla orbiculata,NA
WAY,C,1,Woody,Asteraceae,Baccharis genistelloides,Baccharis genistelloides,NA
WAY,C,1,Forb,Asteraceae,Gnaphalium dombeyanum,Gnaphalium dombeyanum,NA
WAY,C,1,Forb,Gentianaceae,Halenia umbellata,Halenia umbellata,NA
WAY,C,1,Forb,Asteraceae,Hieracium sp,Hieracium cf. mandonii,NA
WAY,C,1,Forb,Asteraceae,Hypochaeris taraxacoides,Hypochaeris taraxacoides,NA
WAY,C,1,Fern,Lycopodiaceae,Lycopodiella cernua,Lycopodium thyoides,NA
WAY,C,1,Forb,Rubiaceae,Nertera granadensis,Nertera granadensis,NA
WAY,C,1,Forb,Asteraceae,Stevia cuzcoensis,Stevia pennellii,NA
WAY,C,1,Forb,Asteraceae,Werneria nubigena,Werneria nubigena,NA
WAY,C,1,Gramminoid,Poaceae,Agrostis sp2,Agrostis mertensii,NA
WAY,C,1,Gramminoid,Poaceae,Bromus spblue,Festuca dolichophylla,NA
WAY,C,1,Gramminoid,Cyperaceae,Carex boliviensis,Carex boliviensis,NA
WAY,C,1,Gramminoid,Poaceae,Calamagrostis sp3,Calamagrostis cf. amoena,NA
WAY,C,1,Gramminoid,Poaceae,Calamagrostis sp4,Danthonia secundiflora,NA
WAY,C,2,Woody,Asteraceae,Baccharis genistelloides,Baccharis genistelloides,NA
WAY,C,2,Fern,Pteridaceae,Eriosorus cheilanthoides,Eriosorus cheilanthoides,NA
WAY,C,2,Forb,Gentianaceae,Halenia umbellata,Halenia umbellata,NA
WAY,C,2,Fern,Lycopodiaceae,Lycopodium sp,Lycopodium clavatum,NA
WAY,C,2,Forb,Rubiaceae,Nertera granadensis,Nertera granadensis,NA
WAY,C,2,Forb,Orchidaceae,Orchidaceae,Gomphichis valida,"before Pterichis sp1, changed by lucely"
WAY,C,2,Forb,Asteraceae,Senecio sp,Senecio burkartii,NA
WAY,C,2,Gramminoid,Poaceae,Agrostis sp2,Agrostis mertensii,NA
WAY,C,2,Gramminoid,Poaceae,Bromus spblue,Festuca dolichophylla,NA
WAY,C,2,Gramminoid,Cyperaceae,Carex boliviensis,Carex boliviensis,NA
WAY,C,2,Gramminoid,Poaceae,Calamagrostis sp2long,Calamagrostis tarmensis,NA
WAY,C,2,Gramminoid,Poaceae,Calamagrostis sp3,Calamagrostis cf. amoena,NA
WAY,C,2,Gramminoid,Poaceae,Calamagrostis sp4,Danthonia secundiflora,NA
WAY,C,3,Woody,Asteraceae,Baccharis genistelloides,Baccharis genistelloides,NA
WAY,C,3,Fern,Pteridaceae,Eriosorus cheilanthoides,Eriosorus cheilanthoides,NA
WAY,C,3,Woody,Ericaceae,Gaultheria glomerata,Gaultheria glomerata,NA
WAY,C,3,Forb,Asteraceae,Gnaphalium dombeyanum,Gnaphalium dombeyanum,NA
WAY,C,3,Forb,Gentianaceae,Halenia umbellata,Halenia umbellata,NA
WAY,C,3,Forb,Asteraceae,Hieracium sp,Hieracium cf. mandonii,NA
WAY,C,3,Fern,Lycopodiaceae,Lycopodiella cernua,Lycopodium thyoides,NA
WAY,C,3,Fern,Lycopodiaceae,Lycopodium sp,Lycopodium clavatum,NA
WAY,C,3,Forb,Asteraceae,Senecio sp,Senecio burkartii,NA
WAY,C,3,Forb,Asteraceae,Stevia cuzcoensis,Stevia pennellii,NA
WAY,C,3,Gramminoid,Poaceae,Agrostis sp2,Agrostis mertensii,NA
WAY,C,3,Gramminoid,Poaceae,Bromus spblue,Festuca dolichophylla,NA
WAY,C,3,Gramminoid,Cyperaceae,Carex boliviensis,Carex boliviensis,NA
WAY,C,3,Gramminoid,Poaceae,Calamagrostis sp3,Calamagrostis cf. amoena,NA
WAY,C,4,Woody,Asteraceae,Baccharis genistelloides,Baccharis genistelloides,NA
WAY,C,4,Forb,Gentianaceae,Gentiana sedifolia,Gentiana sedifolia,NA
WAY,C,4,Forb,Asteraceae,Antennaria linearifolia,Gnaphalium dombeyanum,"Before Antennaria linearifolia, changed by Lucely"
WAY,C,4,Forb,Iridaceae,Sisyrinchium sp,Sisyrinchium vaginatum,NA
WAY,C,4,Forb,Asteraceae,Stevia cuzcoensis,Stevia pennellii,NA
WAY,C,4,Gramminoid,Poaceae,Agrostis sp2,Agrostis mertensii,NA
WAY,C,4,Gramminoid,Cyperaceae,Carex boliviensis,Carex boliviensis,NA
WAY,C,4,Gramminoid,Cyperaceae,Carex sp1,Carex cf. crinalis,NA
WAY,C,4,Gramminoid,Cyperaceae,Rhynchospora aristata,Rhynchospora aristata,NA
WAY,C,4,Gramminoid,Poaceae,Bromus spblue,Festuca dolichophylla,NA
WAY,C,4,Gramminoid,Poaceae,Calamagrostis sp4,Danthonia secundiflora,NA
WAY,C,4,Gramminoid,Poaceae,Calamagrostis splong,Calamagrostis tarmensis,NA
WAY,C,5,Woody,Asteraceae,Baccharis genistelloides,Baccharis genistelloides,NA
WAY,C,5,Woody,Melastomataceae,Brachyotum sp,Brachyotum grisebachii,NA
WAY,C,5,Woody,Ericaceae,Gaultheria glomerata,Gaultheria glomerata,NA
WAY,C,5,Forb,Gentianaceae,Halenia umbellata,Halenia umbellata,NA
WAY,C,5,Fern,Lycopodiaceae,Lycopodium sp,Lycopodium clavatum,NA
WAY,C,5,Woody,Ericaceae,Pernettya prostrata,Pernettya prostrata,NA
WAY,C,5,Forb,Asteraceae,Stevia sp,Stevia pennellii,NA
WAY,C,5,Woody,Ericaceae,Vaccinium floribundum,Vaccinium floribundum,NA
WAY,C,5,Forb,Asteraceae,Werneria nubigena,Werneria nubigena,NA
WAY,C,5,Forb,Orchidaceae,Pterichis silvestris,Pterichis sp1,NA
WAY,C,5,Gramminoid,Poaceae,Agrostis sp2,Agrostis mertensii,NA
WAY,C,5,Gramminoid,Poaceae,Bromus spblue,Festuca dolichophylla,NA
WAY,C,5,Gramminoid,Cyperaceae,Carex boliviensis,Carex boliviensis,NA
WAY,C,5,Gramminoid,Poaceae,Calamagrostis sp3,Calamagrostis cf. amoena,NA
WAY,C,5,Gramminoid,Poaceae,Calamagrostis sp4,Danthonia secundiflora,NA
WAY,C,5,Gramminoid,Poaceae,Calamagrostis sp5,Danthonia secundiflora,NA
TRE,C,1,Forb,Rosaceae,Alchemilla erodiifolia,Lachemilla orbiculata,NA
TRE,C,1,Woody,Ericaceae,Gaultheria glomerata,Gaultheria glomerata,NA
TRE,C,1,Forb,Gentianaceae,Halenia umbellata,Halenia umbellata,NA
TRE,C,1,Woody,Hypericaceae,Hypericum andinum,Hypericum andinum,NA
TRE,C,1,Forb,Violaceae,Lysipomia laciniata,Viola pygmaea,NA
TRE,C,1,Woody,Ericaceae,Pernettya prostrata,Pernettya prostrata,NA
TRE,C,1,Gramminoid,Poaceae,Agrostis sp2,Agrostis mertensii,NA
TRE,C,1,Gramminoid,Poaceae,Bromus spgreen,Festuca dolichophylla,NA
TRE,C,1,Gramminoid,Poaceae,Bromus lanatus,Bromus lanatus,NA
TRE,C,1,Gramminoid,Cyperaceae,Carex pichinchensis,Carex pichinchensis,NA
TRE,C,1,Gramminoid,Poaceae,Paspalum bonplandianum,Paspalum bonplandianum,NA
TRE,C,1,Gramminoid,Cyperaceae,Rhynchospora macrochaeta,Rhynchospora macrochaeta,NA
TRE,C,1,Gramminoid,Poaceae,Calamagrostis sp2,Calamagrostis tarmensis,NA
TRE,C,2,Forb,Rosaceae,Alchemilla erodiifolia,Lachemilla orbiculata,NA
TRE,C,2,Forb,Gentianaceae,Halenia umbellata,Halenia umbellata,NA
TRE,C,2,Woody,Hypericaceae,Hypericum andinum,Hypericum andinum,NA
TRE,C,2,Gramminoid,Juncaceae,Luzula racemosa,Luzula racemosa,NA
TRE,C,2,Forb,Violaceae,Lysipomia laciniata,Viola pygmaea,NA
TRE,C,2,Forb,Asteraceae,Oritrophium hieracioides,Oritrophium hieracioides,NA
TRE,C,2,Woody,Ericaceae,Vaccinium floribundum,Vaccinium floribundum,NA
TRE,C,2,Gramminoid,Cyperaceae,Carex pichinchensis,Carex pichinchensis,NA
TRE,C,2,Gramminoid,Cyperaceae,Carex sp2,Carex bonplandii,NA
TRE,C,2,Gramminoid,Juncaceae,Luzula spracemosa,Luzula racemosa,NA
TRE,C,2,Gramminoid,Cyperaceae,Rhynchospora macrochaeta,Rhynchospora macrochaeta,NA
TRE,C,2,Gramminoid,Cyperaceae,Juncus sp,Trichophorum rigidum,NA
TRE,C,2,Gramminoid,Poaceae,Bromus spblue,Festuca dolichophylla,NA
TRE,C,2,Gramminoid,Poaceae,Bromus lanatus,Bromus lanatus,NA
TRE,C,2,Gramminoid,Poaceae,Calamagrostis sp2,Calamagrostis tarmensis,NA
TRE,C,3,Forb,Rosaceae,Acaena cylindristachya,Acaena cylindristachya,NA
TRE,C,3,Forb,Rosaceae,Alchemilla erodiifolia,Lachemilla orbiculata,NA
TRE,C,3,Forb,Asteraceae,Bidens andicola,Bidens triplinervia,NA
TRE,C,3,Forb,Gentianaceae,Gentiana sedifolia,Gentiana sedifolia,NA
TRE,C,3,Forb,Gentianaceae,Halenia umbellata,Halenia umbellata,NA
TRE,C,3,Woody,Hypericaceae,Hypericum andinum,Hypericum andinum,NA
TRE,C,3,Forb,Campanulaceae,Lysipomia laciniata,Lysipomia laciniata,NA
TRE,C,3,Gramminoid,Poaceae,Neurolepis sp,Chusquea intipaqariy,NA
TRE,C,3,Woody,Ericaceae,Pernettya prostrata,Pernettya prostrata,NA
TRE,C,3,Forb,Violaceae,Viola pygmaea,Viola pygmaea,NA
TRE,C,3,Gramminoid,Poaceae,Bromus spblue,Festuca dolichophylla,NA
TRE,C,3,Gramminoid,Cyperaceae,Carex pichinchensis,Carex pichinchensis,NA
TRE,C,3,Gramminoid,Cyperaceae,Juncus sp,Trichophorum rigidum,NA
TRE,C,3,Gramminoid,Poaceae,Paspalum bonplandianum,Paspalum bonplandianum,NA
TRE,C,3,Gramminoid,Cyperaceae,Rhynchospora macrochaeta,Rhynchospora macrochaeta,NA
TRE,C,3,Gramminoid,Poaceae,Calamagrostis sp2,Calamagrostis tarmensis,NA
TRE,C,3,Gramminoid,Poaceae,Bromus lanatus,Bromus lanatus,NA
TRE,C,3,Gramminoid,Poaceae,Calamagrostis spshort,Calamagrostis cf. amoena,NA
TRE,C,3,Gramminoid,Cyperaceae,Carex tristicha,Carex pygmaea,NA
TRE,C,4,Woody,Asteraceae,Baccharis genistelloides,Baccharis genistelloides,NA
TRE,C,4,Woody,Ericaceae,Gaultheria glomerata,Gaultheria glomerata,NA
TRE,C,4,Forb,Gentianaceae,Halenia umbellata,Halenia umbellata,NA
TRE,C,4,Fern,Lycopodiaceae,Lycopodium sp,Lycopodium clavatum,NA
TRE,C,4,Forb,Violaceae,Lysipomia laciniata,Lysipomia laciniata,"before Viola pygmaea, changed by lucely"
TRE,C,4,Woody,Ericaceae,Pernettya prostrata,Pernettya prostrata,NA
TRE,C,4,Woody,Ericaceae,Vaccinium floribundum,Vaccinium floribundum,NA
TRE,C,4,Gramminoid,Cyperaceae,Carex pichinchensis,Carex pichinchensis,NA
TRE,C,4,Gramminoid,Cyperaceae,Rhynchospora macrochaeta,Rhynchospora macrochaeta,NA
TRE,C,4,Gramminoid,Poaceae,Calamagrostis sp2,Calamagrostis tarmensis,NA
TRE,C,4,Gramminoid,Cyperaceae,Carex tristicha,Carex pygmaea,NA
TRE,C,4,Gramminoid,Poaceae,Bromus spblue,Festuca dolichophylla,NA
TRE,C,5,Woody,Asteraceae,Baccharis genistelloides,Baccharis genistelloides,NA
TRE,C,5,Woody,Ericaceae,Gaultheria glomerata,Gaultheria glomerata,NA
TRE,C,5,Forb,Gentianaceae,Halenia umbellata,Halenia umbellata,NA
TRE,C,5,Woody,Hypericaceae,Hypericum andinum,Hypericum andinum,NA
TRE,C,5,Gramminoid,Juncaceae,Luzula racemosa,Luzula racemosa,NA
TRE,C,5,Fern,Lycopodiaceae,Lycopodium sp,Lycopodium clavatum,NA
TRE,C,5,Woody,Ericaceae,Pernettya prostrata,Pernettya prostrata,NA
TRE,C,5,Woody,Ericaceae,Vaccinium floribundum,Vaccinium floribundum,NA
TRE,C,5,Forb,Asteraceae,Werneria nubigena,Werneria nubigena,NA
TRE,C,5,Gramminoid,Poaceae,Bromus spblue,Festuca dolichophylla,NA
TRE,C,5,Gramminoid,Cyperaceae,Juncus sp1,Trichophorum rigidum,NA
TRE,C,5,Gramminoid,Juncaceae,Luzula spracemosa,Luzula racemosa,NA
TRE,C,5,Gramminoid,Poaceae,Paspalum bonplandianum,Paspalum bonplandianum,NA
TRE,C,5,Gramminoid,Cyperaceae,Rhynchospora macrochaeta,Rhynchospora macrochaeta,NA
TRE,C,5,Gramminoid,Poaceae,Bromus lanatus,Bromus lanatus,NA
TRE,C,5,Gramminoid,Poaceae,Calamagrostis sp2,Calamagrostis cf. amoena,NA
QUE,B,1,Forb,Apiaceae,Niphogeton dissecta,Oreomyrrhis andicola,NA
QUE,B,1,Forb,Asteraceae,Senecio sp2,Gamochaeta coarctata,NA
QUE,B,1,Woody,Asteraceae,Baccharis caespitosa,Baccharis caespitosa,NA
QUE,B,1,Forb,Caryophyllaceae,Cerastium arvensiforme,Cerastium arvense,NA
QUE,B,1,Forb,Asteraceae,Chaptalia cordata,Chaptalia cordata,NA
QUE,B,1,Forb,Rubiaceae,Galium hypocarpium,Galium corymbosum,NA
QUE,B,1,Forb,Geraniaceae,Geranium sessiliflorum,Geranium sessiliflorum,NA
QUE,B,1,Forb,Asteraceae,Antennaria linearifolia,Antennaria linearifolia,NA
QUE,B,1,Woody,Hypericaceae,Hypericum andinum,Hypericum andinum,NA
QUE,B,1,Forb,Asteraceae,Hypochaeris taraxacoides,Hypochaeris taraxacoides,NA
QUE,B,1,Forb,Oxalidaceae,Oxalis sp,Oxalis oreocharis,NA
QUE,B,1,Forb,Asteraceae,Perezia macrocephala,Perezia pungens,NA
QUE,B,1,Woody,Ericaceae,Pernettya prostrata,Pernettya prostrata,NA
QUE,B,1,Moss,Polytrichaceae,Polytrichum sp,Polytrichum sp1,NA
QUE,B,1,Forb,Asteraceae,Asteraceae sp,Hieracium cf. mandonii,NA
QUE,B,1,Forb,Asteraceae,indet,Aphanactis villosa,NA
QUE,B,1,Forb,Violaceae,Viola pygmaea,Viola pygmaea,NA
QUE,B,1,Forb,Asteraceae,Werneria nubigena,Werneria nubigena,NA
QUE,B,1,Forb,Asteraceae,Werneria villosa,Werneria villosa,NA
QUE,B,1,Gramminoid,Poaceae,Agrostis sp1,Agrostis trichodes,Agrostis breviculmis
QUE,B,1,Gramminoid,Cyperaceae,Carex boliviensis,Carex boliviensis,NA
QUE,B,1,Gramminoid,Cyperaceae,Carex pichinchensis,Carex pichinchensis,NA
QUE,B,1,Gramminoid,Poaceae,Paspalum bonplandianum,Paspalum bonplandianum,NA
QUE,B,1,Gramminoid,Poaceae,Bromus lanatus,Bromus lanatus,NA
QUE,B,1,Gramminoid,Juncaceae,Luzula spbroad,Luzula racemosa,NA
QUE,B,1,Gramminoid,Poaceae,Phippsia algida,Agrostis breviculmis,NA
QUE,B,1,Gramminoid,Poaceae,Agrostis sp2,Agrostis mertensii,NA
QUE,B,1,Gramminoid,Poaceae,Agrostis spnorwegian,Agrostis foliata,Agrostis trichodes
QUE,B,1,Gramminoid,Poaceae,Poa alpina,Agrostis haenkeana,NA
QUE,B,1,Gramminoid,Poaceae,Calamagrostis spq,Anatherostipa hans-meyeri,NA
QUE,B,2,Woody,Asteraceae,Baccharis caespitosa,Baccharis caespitosa,NA
QUE,B,2,Forb,Caprifoliaceae,Belonanthus hispidus,Belonanthus hispidus,NA
QUE,B,2,Forb,Asteraceae,Gamochaeta americana,Gamochaeta coarctata,NA
QUE,B,2,Woody,Ericaceae,Gaultheria glomerata,Gaultheria glomerata,NA
QUE,B,2,Forb,Gentianaceae,Gentiana sedifolia,Gentiana sedifolia,NA
QUE,B,2,Forb,Geraniaceae,Geranium sessiliflorum,Geranium sessiliflorum,NA
QUE,B,2,Forb,Asteraceae,Antennaria linearifolia,Antennaria linearifolia,NA
QUE,B,2,Woody,Hypericaceae,Hypericum andinum,Hypericum andinum,NA
QUE,B,2,Forb,Asteraceae,Hypochaeris taraxacoides,Hypochaeris taraxacoides,NA
QUE,B,2,Gramminoid,Juncaceae,Luzula racemosa,Luzula racemosa,NA
QUE,B,2,Forb,Asteraceae,Oritrophium hieracioides,Oritrophium hieracioides,NA
QUE,B,2,Forb,Oxalidaceae,Oxalis sp,Oxalis oreocharis,NA
QUE,B,2,Forb,Asteraceae,Perezia macrocephala,Perezia pungens,NA
QUE,B,2,Woody,Ericaceae,Pernettya prostrata,Pernettya prostrata,NA
QUE,B,2,Moss,Polytrichaceae,Polytrichum sp,Polytrichum sp1,NA
QUE,B,2,Moss,Polytrichaceae,Polytrichum sp2,Polytrichum sp2,NA
QUE,B,2,Forb,Orchidaceae,Pterichis silvestris,Pterichis sp1,NA
QUE,B,2,Forb,Asteraceae,indet,Aphanactis villosa,NA
QUE,B,2,Forb,Violaceae,Viola pygmaea,Viola pygmaea,NA
QUE,B,2,Forb,Asteraceae,Werneria villosa,Werneria villosa,NA
QUE,B,2,Gramminoid,Poaceae,Agrostis sp1,Agrostis trichodes,Agrostis breviculmis
QUE,B,2,Gramminoid,Cyperaceae,Carex pichinchensis,Carex pichinchensis,NA
QUE,B,2,Gramminoid,Poaceae,Bromus lanatus,Bromus lanatus,NA
QUE,B,2,Gramminoid,Juncaceae,Luzula spracemosa,Luzula racemosa,NA
QUE,B,2,Gramminoid,Poaceae,Phippsia algida,Agrostis mertensii,NA
QUE,B,2,Gramminoid,Poaceae,Poa sp,Poa spicigera,NA
QUE,B,2,Gramminoid,Poaceae,Poa alpina,Agrostis haenkeana,NA
QUE,B,2,Gramminoid,Cyperaceae,Carex boliviensis,Carex boliviensis,NA
QUE,B,2,Gramminoid,Poaceae,Bromus spgreen,Festuca sp4,NA
QUE,B,2,Gramminoid,Poaceae,Calamagrostis spq,Anatherostipa hans-meyeri,NA
QUE,B,2,Gramminoid,Poaceae,Calamagrostis sp2,Calamagrostis tarmensis,NA
QUE,B,3,Woody,Asteraceae,Baccharis caespitosa,Baccharis caespitosa,NA
QUE,B,3,Forb,Orobanchaceae,Bartsia elongata,Bartsia tricophylla,NA
QUE,B,3,Forb,Caprifoliaceae,Belonanthus hispidus,Belonanthus hispidus,NA
QUE,B,3,Forb,Asteraceae,Gamochaeta americana,Gamochaeta coarctata,NA
QUE,B,3,Forb,Gentianaceae,Gentiana sedifolia,Gentiana sedifolia,NA
QUE,B,3,Forb,Geraniaceae,Geranium sessiliflorum,Geranium sessiliflorum,NA
QUE,B,3,Forb,Asteraceae,Antennaria linearifolia,Antennaria linearifolia,NA
QUE,B,3,Woody,Hypericaceae,Hypericum andinum,Hypericum andinum,NA
QUE,B,3,Forb,Campanulaceae,Lysipomia glandulifera,Lysipomia glandulifera,NA
QUE,B,3,Forb,Asteraceae,Oreithales integrifolia,Oreithales integrifolia,NA
QUE,B,3,Forb,Oxalidaceae,Oxalis sp,Oxalis oreocharis,NA
QUE,B,3,Woody,Ericaceae,Pernettya prostrata,Pernettya prostrata,NA
QUE,B,3,Moss,Polytrichaceae,Polytrichum sp,Polytrichum sp1,NA
QUE,B,3,Forb,Asteraceae,indet,Aphanactis villosa,NA
QUE,B,3,Forb,Asteraceae,Werneria nubigena,Werneria nubigena,NA
QUE,B,3,Gramminoid,Poaceae,Bromus lanatus,Bromus lanatus,NA
QUE,B,3,Gramminoid,Cyperaceae,Carex pichinchensis,Carex pichinchensis,NA
QUE,B,3,Gramminoid,Cyperaceae,Rhynchospora macrochaeta,Rhynchospora macrochaeta,NA
QUE,B,3,Gramminoid,Poaceae,Calamagrostis sp2,Calamagrostis tarmensis,NA
QUE,B,3,Gramminoid,Poaceae,Agrostis sp1,Agrostis trichodes,Agrostis mertensii
QUE,B,3,Gramminoid,Juncaceae,Luzula spracemosa,Luzula racemosa,NA
QUE,B,3,Gramminoid,Cyperaceae,Carex boliviensis,Carex boliviensis,NA
QUE,B,3,Gramminoid,Poaceae,Calamagrostis spq,Anatherostipa hans-meyeri,NA
QUE,B,3,Gramminoid,Poaceae,Agrostis spnorwegian,Agrostis foliata,Agrostis trichodes
QUE,B,3,Gramminoid,Poaceae,Poa alpina,Agrostis haenkeana,Agrostis foliata
QUE,B,3,Gramminoid,Poaceae,Phippsia algida,Agrostis mertensii,Poa spicigera
QUE,B,3,Gramminoid,Cyperaceae,Carex tristicha,Carex pygmaea,NA
QUE,B,4,Forb,Rosaceae,Alchemilla vulcanica,Lachemilla cf vulcanica,NA
QUE,B,4,Woody,Asteraceae,Baccharis caespitosa,Baccharis caespitosa,NA
QUE,B,4,Forb,Orobanchaceae,Bartsia elongata,Bartsia tricophylla,NA
QUE,B,4,Forb,Caprifoliaceae,Belonanthus hispidus,Belonanthus hispidus,NA
QUE,B,4,Forb,Gentianaceae,Gentiana sedifolia,Gentiana sedifolia,NA
QUE,B,4,Forb,Geraniaceae,Geranium sessiliflorum,Geranium sessiliflorum,NA
QUE,B,4,Forb,Asteraceae,Antennaria linearifolia,Antennaria linearifolia,NA
QUE,B,4,Woody,Hypericaceae,Hypericum andinum,Hypericum andinum,NA
QUE,B,4,Forb,Asteraceae,Oreithales integrifolia,Oreithales integrifolia,NA
QUE,B,4,Forb,Oxalidaceae,Oxalis sp,Oxalis oreocharis,NA
QUE,B,4,Moss,Polytrichaceae,Polytrichum sp,Polytrichum sp1,NA
QUE,B,4,Forb,Orchidaceae,Pterichis silvestris,Pterichis sp1,NA
QUE,B,4,Forb,Asteraceae,indet,Aphanactis villosa,NA
QUE,B,5,Woody,Ericaceae,Vaccinium floribundum,Vaccinium floribundum,NA
QUE,B,4,Forb,Asteraceae,Werneria nubigena,Werneria nubigena,NA
QUE,B,4,Forb,Asteraceae,Werneria villosa,Werneria villosa,NA
QUE,B,4,Gramminoid,Poaceae,Agrostis spnorwegian,Agrostis foliata,Agrostis breviculmis
QUE,B,4,Gramminoid,Cyperaceae,Carex pichinchensis,Carex pichinchensis,NA
QUE,B,4,Gramminoid,Poaceae,Bromus lanatus,Bromus lanatus,NA
QUE,B,4,Gramminoid,Juncaceae,Luzula spracemosa,Luzula racemosa,NA
QUE,B,4,Gramminoid,Poaceae,Phippsia algida,Poa spicigera,NA
QUE,B,4,Gramminoid,Cyperaceae,Rhynchospora macrochaeta,Rhynchospora macrochaeta,NA
QUE,B,4,Gramminoid,Poaceae,Calamagrostis sp2,Calamagrostis tarmensis,NA
QUE,B,4,Gramminoid,Cyperaceae,Carex tristicha,Carex pygmaea,NA
QUE,B,4,Gramminoid,Cyperaceae,Carex boliviensis,Carex boliviensis,NA
QUE,B,4,Gramminoid,Juncaceae,Luzula spbroad,Luzula racemosa,NA
QUE,B,4,Gramminoid,Poaceae,Agrostis sp2,Agrostis mertensii,NA
QUE,B,4,Gramminoid,Poaceae,Calamagrostis spq,Anatherostipa hans-meyeri,NA
QUE,B,4,Gramminoid,Poaceae,Poa pratensis,Poa sp2,Poa pratensis
QUE,B,4,Gramminoid,Poaceae,Bromus lanatus_stiff,Bromus lanatus,NA
QUE,B,5,Forb,Rosaceae,Alchemilla vulcanica,Lachemilla cf vulcanica,NA
QUE,B,5,Forb,Asteraceae,Asteraceae sp1,Gamochaeta coarctata,NA
QUE,B,5,Woody,Asteraceae,Baccharis caespitosa,Baccharis caespitosa,NA
QUE,B,5,Forb,Orobanchaceae,Bartsia elongata,Bartsia tricophylla,NA
QUE,B,5,Forb,Caprifoliaceae,Belonanthus hispidus,Belonanthus hispidus,NA
QUE,B,5,Forb,Caryophyllaceae,Cerastium arvensiforme,Cerastium arvense,NA
QUE,B,5,Woody,Ericaceae,Gaultheria glomerata,Gaultheria glomerata,NA
QUE,B,5,Forb,Gentianaceae,Gentiana sedifolia,Gentiana sedifolia,NA
QUE,B,5,Forb,Gentianaceae,Gentianella ernestii,Gentianella ernestii,NA
QUE,B,5,Forb,Geraniaceae,Geranium sessiliflorum,Geranium sessiliflorum,NA
QUE,B,5,Forb,Asteraceae,Antennaria linearifolia,Antennaria linearifolia,NA
QUE,B,5,Forb,Asteraceae,Hieracium sp,Hieracium cf. mandonii,NA
QUE,B,5,Woody,Hypericaceae,Hypericum andinum,Hypericum andinum,NA
QUE,B,5,Fern,Lycopodiaceae,Lycopodium sp,Lycopodium clavatum,NA
QUE,B,5,Forb,Oxalidaceae,Oxalis sp,Oxalis oreocharis,NA
QUE,B,5,Woody,Ericaceae,Pernettya prostrata,Pernettya prostrata,NA
QUE,B,5,Moss,Polytrichaceae,Polytrichum sp,Polytrichum sp1,NA
QUE,B,5,Gramminoid,Cyperaceae,Carex tristicha,Carex pygmaea,NA
QUE,B,5,Gramminoid,Poaceae,Bromus lanatus,Bromus lanatus,NA
QUE,B,5,Gramminoid,Cyperaceae,Rhynchospora macrochaeta,Rhynchospora macrochaeta,NA
QUE,B,5,Gramminoid,Poaceae,Calamagrostis sp2,Calamagrostis rigida,NA
QUE,B,5,Gramminoid,Cyperaceae,Carex pichinchensis,Carex pichinchensis,NA
QUE,B,5,Gramminoid,Poaceae,Agrostis spnorwegian,Agrostis foliata,NA
QUE,B,5,Gramminoid,Juncaceae,Luzula spracemosa,Luzula racemosa,NA
QUE,B,5,Gramminoid,Poaceae,Agrostis sp2,Agrostis mertensii,NA
PIL,B,1,Forb,Rosaceae,Alchemilla erodiifolia,Lachemilla jamesonii,NA
PIL,B,1,Forb,Rubiaceae,Galium hypocarpium,Galium corymbosum,NA
PIL,B,1,Woody,Ericaceae,Gaultheria glomerata,Gaultheria glomerata,NA
PIL,B,1,Forb,Gentianaceae,Gentiana sedifolia,Gentiana sedifolia,NA
PIL,B,1,Woody,Hypericaceae,Hypericum andinum,Hypericum andinum,NA
PIL,B,1,Fern,Lycopodiaceae,Lycopodium sp,Lycopodium clavatum,NA
PIL,B,1,Forb,Asteraceae,Oritrophium hieracioides,Oritrophium hieracioides,NA
PIL,B,1,Moss,Polytrichaceae,Polytrichum sp,Polytrichum sp1,NA
PIL,B,1,Gramminoid,Poaceae,Agrostis sp2,Agrostis mertensii,NA
PIL,B,1,Gramminoid,Poaceae,Bromus sp,Festuca dolichophylla,before was F. procera modified by lucely
PIL,B,1,Gramminoid,Cyperaceae,Carex sp2,Carex bonplandii,NA
PIL,B,1,Gramminoid,Poaceae,Paspalum bonplandianum,Paspalum bonplandianum,NA
PIL,B,1,Gramminoid,Cyperaceae,Rhynchospora macrochaeta,Rhynchospora macrochaeta,NA
PIL,B,1,Gramminoid,Poaceae,Calamagrostis sp2,Calamagrostis tarmensis,NA
PIL,B,1,Gramminoid,Cyperaceae,Carex tristicha,Carex pygmaea,NA
PIL,B,1,Gramminoid,Cyperaceae,Scirpus sp,Oreobolus goeppingeri,NA
PIL,B,2,Forb,Rubiaceae,Galium hypocarpium,Galium corymbosum,NA
PIL,B,2,Woody,Ericaceae,Gaultheria glomerata,Gaultheria glomerata,NA
PIL,B,2,Forb,Gentianaceae,Gentiana sedifolia,Gentiana sedifolia,NA
PIL,B,2,Woody,Hypericaceae,Hypericum andinum,Hypericum andinum,NA
PIL,B,2,Gramminoid,Poaceae,Paspalum bonplandianum,Paspalum bonplandianum,NA
PIL,B,2,Woody,Ericaceae,Pernettya prostrata,Vaccinium floribundum,changed by Lucely
PIL,B,2,Gramminoid,Poaceae,Agrostis sp2,Agrostis mertensii,NA
PIL,B,2,Gramminoid,Poaceae,Bromus sp,Festuca dolichophylla,before was F. procera modified by lucely
PIL,B,2,Gramminoid,Cyperaceae,Carex sp,Carex bonplandii,NA
PIL,B,2,Gramminoid,Cyperaceae,Rhynchospora macrochaeta,Rhynchospora macrochaeta,NA
PIL,B,2,Gramminoid,Poaceae,Calamagrostis sp2,Calamagrostis tarmensis,NA
PIL,B,3,Fern,Pteridaceae,Eriosorus cheilanthoides,Eriosorus cheilanthoides,NA
PIL,B,3,Forb,Rubiaceae,Galium hypocarpium,Galium corymbosum,NA
PIL,B,3,Woody,Ericaceae,Gaultheria glomerata,Gaultheria glomerata,NA
PIL,B,3,Forb,Gentianaceae,Gentiana sedifolia,Gentiana sedifolia,NA
PIL,B,3,Woody,Hypericaceae,Hypericum andinum,Hypericum andinum,NA
PIL,B,3,Gramminoid,Poaceae,Paspalum bonplandianum,Paspalum bonplandianum,NA
PIL,B,3,Moss,Polytrichaceae,Polytrichum sp,Polytrichum sp1,NA
PIL,B,3,Woody,Ericaceae,Vaccinium floribundum,Vaccinium floribundum,NA
PIL,B,3,Gramminoid,Poaceae,Agrostis sp2,Agrostis mertensii,NA
PIL,B,3,Gramminoid,Cyperaceae,Carex pichinchensis,Carex pichinchensis,NA
PIL,B,3,Gramminoid,Cyperaceae,Rhynchospora macrochaeta,Rhynchospora macrochaeta,NA
PIL,B,3,Gramminoid,Poaceae,Calamagrostis sp2,Calamagrostis tarmensis,NA
PIL,B,3,Gramminoid,Poaceae,Bromus sp,Festuca dolichophylla,before was F. procera modified by lucely
PIL,B,3,Gramminoid,Cyperaceae,Carex tristicha,Carex pygmaea,NA
PIL,B,4,Forb,Rosaceae,Alchemilla vulcanica,Lachemilla cf vulcanica,NA
PIL,B,4,Fern,Pteridaceae,Eriosorus cheilanthoides,Eriosorus cheilanthoides,NA
PIL,B,4,Forb,Rubiaceae,Galium hypocarpium,Galium corymbosum,NA
PIL,B,4,Woody,Ericaceae,Gaultheria glomerata,Gaultheria glomerata,NA
PIL,B,4,Fern,Lycopodiaceae,Huperzia weberbaueri,Huperzia weberbaueri,NA
PIL,B,4,Woody,Hypericaceae,Hypericum andinum,Hypericum andinum,NA
PIL,B,4,Forb,Violaceae,Lysipomia laciniata,Viola pygmaea,NA
PIL,B,4,Forb,Rubiaceae,Nertera granadensis,Nertera granadensis,NA
PIL,B,4,Forb,Asteraceae,Oritrophium hieracioides,Oritrophium hieracioides,NA
PIL,B,4,Woody,Ericaceae,Pernettya prostrata,Pernettya prostrata,NA
PIL,B,4,Gramminoid,Poaceae,Bromus sp,Festuca dolichophylla,before was F. procera modified by lucely
PIL,B,4,Gramminoid,Cyperaceae,Rhynchospora macrochaeta,Rhynchospora macrochaeta,NA
PIL,B,4,Gramminoid,Poaceae,Calamagrostis sp2,Calamagrostis tarmensis,NA
PIL,B,4,Gramminoid,Cyperaceae,Carex tristicha,Carex pygmaea,NA
PIL,B,4,Gramminoid,Cyperaceae,Carex pichinchensis,Carex pichinchensis,NA
PIL,B,4,Gramminoid,Juncaceae,Luzula spracemosa,Luzula racemosa,NA
PIL,B,5,Forb,Rosaceae,Alchemilla erodiifolia,Lachemilla cf vulcanica,NA
PIL,B,5,Forb,Apiaceae,Azorella biloba,Azorella biloba,NA
PIL,B,5,Woody,Ericaceae,Gaultheria glomerata,Gaultheria glomerata,NA
PIL,B,5,Woody,Hypericaceae,Hypericum andinum,Hypericum andinum,NA
PIL,B,5,Fern,Lycopodiaceae,Lycopodium sp,Lycopodium clavatum,NA
PIL,B,5,Gramminoid,Poaceae,Agrostis sp2,Agrostis mertensii,NA
PIL,B,5,Gramminoid,Cyperaceae,Rhynchospora macrochaeta,Rhynchospora macrochaeta,NA
PIL,B,5,Gramminoid,Poaceae,Calamagrostis sp2,Calamagrostis tarmensis,NA
PIL,B,5,Gramminoid,Poaceae,Bromus spgreen,Festuca procera,NA
PIL,B,5,Gramminoid,Cyperaceae,Carex tristicha,Carex pygmaea,NA
PIL,B,5,Gramminoid,Cyperaceae,Carex pichinchensis,Carex pichinchensis,NA
PIL,C,1,Woody,Asteraceae,Baccharis genistelloides,Baccharis genistelloides,NA
PIL,C,1,Fern,Dryopteridaceae,Elaphoglossum sp1,Elaphoglossum engelii,NA
PIL,C,1,Forb,Rubiaceae,Galium hypocarpium,Galium corymbosum,NA
PIL,C,1,Woody,Ericaceae,Gaultheria glomerata,Gaultheria glomerata,NA
PIL,C,1,Forb,Asteraceae,Hieracium sp,Hieracium cf. mandonii,NA
PIL,C,1,Woody,Hypericaceae,Hypericum andinum,Hypericum andinum,NA
PIL,C,1,Gramminoid,Juncaceae,Luzula racemosa,Luzula racemosa,NA
PIL,C,1,Gramminoid,Poaceae,Agrostis sp1,Agrostis mertensii,"Before A. breviculmis, changed by Lucely"
PIL,C,1,Gramminoid,Poaceae,Bromus sp,Festuca procera,NA
PIL,C,1,Gramminoid,Cyperaceae,Carex sp2,Carex bonplandii,NA
PIL,C,1,Gramminoid,Juncaceae,Luzula spracemosa,Luzula racemosa,NA
PIL,C,1,Gramminoid,Poaceae,Paspalum bonplandianum,Paspalum bonplandianum,NA
PIL,C,1,Gramminoid,Cyperaceae,Rhynchospora macrochaeta,Rhynchospora macrochaeta,NA
PIL,C,1,Gramminoid,Poaceae,Calamagrostis sp2,Calamagrostis tarmensis,NA
PIL,C,1,Gramminoid,Poaceae,Calamagrostis splong,Calamagrostis tarmensis,NA
PIL,C,2,Forb,Asteraceae,Asteraceae sp,Perezia pungens,NA
PIL,C,2,Woody,Asteraceae,Baccharis genistelloides,Baccharis genistelloides,NA
PIL,C,2,Fern,Dryopteridaceae,Elaphoglossum sp1,Elaphoglossum engelii,NA
PIL,C,2,Forb,Rubiaceae,Galium hypocarpium,Galium corymbosum,NA
PIL,C,2,Woody,Ericaceae,Gaultheria glomerata,Gaultheria glomerata,NA
PIL,C,2,Forb,Gentianaceae,Halenia umbellata,Halenia umbellata,NA
PIL,C,2,Forb,Asteraceae,Hieracium sp,Hieracium cf. mandonii,NA
PIL,C,2,Woody,Hypericaceae,Hypericum andinum,Hypericum andinum,NA
PIL,C,2,Forb,Asteraceae,Oritrophium hieracioides,Oritrophium hieracioides,NA
PIL,C,2,Forb,Orchidaceae,Telipogon venustus,Cyrtochilum mystacinum,NA
PIL,C,2,Woody,Ericaceae,Vaccinium floribundum,Vaccinium floribundum,NA
PIL,C,2,Gramminoid,Poaceae,Agrostis sp2,Agrostis mertensii,NA
PIL,C,2,Gramminoid,Poaceae,Bromus sp,Festuca dolichophylla,NA
PIL,C,2,Gramminoid,Poaceae,Paspalum bonplandianum,Paspalum bonplandianum,NA
PIL,C,2,Gramminoid,Cyperaceae,Rhynchospora sp,Rhynchospora macrochaeta,NA
PIL,C,2,Gramminoid,Poaceae,Calamagrostis sp2,Calamagrostis tarmensis,NA
PIL,C,2,Gramminoid,Cyperaceae,Carex sp2,Carex bonplandii,NA
PIL,C,2,Gramminoid,Poaceae,Bromus lanatus,Bromus lanatus,NA
PIL,C,3,Woody,Asteraceae,Baccharis genistelloides,Baccharis genistelloides,NA
PIL,C,3,Woody,Asteraceae,Baccharis sp,Baccharis tricuneata,NA
PIL,C,3,Woody,Ericaceae,Gaultheria glomerata,Gaultheria glomerata,NA
PIL,C,3,Forb,Gentianaceae,Gentiana sedifolia,Gentiana sedifolia,NA
PIL,C,3,Forb,Gentianaceae,Halenia umbellata,Halenia umbellata,NA
PIL,C,3,Forb,Asteraceae,Hieracium sp,Hieracium cf. mandonii,NA
PIL,C,3,Woody,Hypericaceae,Hypericum andinum,Hypericum andinum,NA
PIL,C,3,Woody,Polygonaceae,Muehlenbeckia volcanica,Muehlenbeckia volcanica,NA
PIL,C,3,Woody,Ericaceae,Pernettya prostrata,Pernettya prostrata,NA
PIL,C,3,Gramminoid,Poaceae,Agrostis sp2,Agrostis mertensii,NA
PIL,C,3,Gramminoid,Poaceae,Bromus sp,Festuca dolichophylla,"before was Festuca procera, modified by Lucely"
PIL,C,3,Gramminoid,Cyperaceae,Carex tristicha,Carex pygmaea,NA
PIL,C,3,Gramminoid,Poaceae,Paspalum bonplandianum,Paspalum bonplandianum,NA
PIL,C,3,Gramminoid,Cyperaceae,Rhynchospora macrochaeta,Rhynchospora macrochaeta,NA
PIL,C,3,Gramminoid,Poaceae,Calamagrostis sp2,Calamagrostis tarmensis,NA
PIL,C,3,Gramminoid,Cyperaceae,Carex sp2,Carex bonplandii,NA
PIL,C,4,Forb,Asteraceae,Asteraceae sp,Perezia pungens,NA
PIL,C,4,Forb,Apiaceae,Azorella biloba,Azorella biloba,NA
PIL,C,4,Forb,Asteraceae,Bidens andicola,Bidens triplinervia,NA
PIL,C,4,Fern,Dryopteridaceae,Elaphoglossum huacsaro,Elaphoglossum huacsaro,NA
PIL,C,4,Fern,Dryopteridaceae,Elaphoglossum sp1,Elaphoglossum engelii,NA
PIL,C,4,Fern,Pteridaceae,Eriosorus cheilanthoides,Eriosorus cheilanthoides,NA
PIL,C,4,Forb,Rubiaceae,Galium hypocarpium,Galium corymbosum,NA
PIL,C,4,Woody,Ericaceae,Gaultheria glomerata,Gaultheria glomerata,NA
PIL,C,4,Forb,Orchidaceae,Gomphichis sp,Gomphichis valida,NA
PIL,C,4,Forb,Gentianaceae,Halenia umbellata,Halenia umbellata,NA
PIL,C,4,Woody,Hypericaceae,Hypericum andinum,Hypericum andinum,NA
PIL,C,4,Moss,Polytrichaceae,Polytrichum sp,Polytrichum sp1,NA
PIL,C,4,Woody,Ericaceae,Vaccinium floribundum,Vaccinium floribundum,NA
PIL,C,4,Forb,Violaceae,Viola pygmaea,Viola pygmaea,NA
PIL,C,4,Gramminoid,Poaceae,Bromus spblue,Festuca dolichophylla,NA
PIL,C,4,Gramminoid,Cyperaceae,Carex tristicha,Carex pygmaea,NA
PIL,C,4,Gramminoid,Poaceae,Paspalum bonplandianum,Paspalum bonplandianum,NA
PIL,C,4,Gramminoid,Cyperaceae,Rhynchospora macrochaeta,Rhynchospora macrochaeta,NA
PIL,C,4,Gramminoid,Poaceae,Calamagrostis sp2,Calamagrostis tarmensis,NA
PIL,C,4,Gramminoid,Poaceae,Calamagrostis splong,Calamagrostis tarmensis,NA
PIL,C,4,Gramminoid,Juncaceae,Luzula spracemosa,Luzula racemosa,NA
PIL,C,4,Gramminoid,Poaceae,Bromus lanatus,Bromus lanatus,NA
PIL,C,4,Gramminoid,Cyperaceae,Carex sp2,Carex bonplandii,NA
PIL,C,5,Forb,Rosaceae,Alchemilla sp,Lachemilla cf vulcanica,NA
PIL,C,5,Fern,Dryopteridaceae,Elaphoglossum huacsaro,Elaphoglossum huacsaro,NA
PIL,C,5,Forb,Asteraceae,Gamochaeta americana,Gamochaeta coarctata,NA
PIL,C,5,Woody,Ericaceae,Gaultheria glomerata,Gaultheria glomerata,NA
PIL,C,5,Forb,Gentianaceae,Halenia umbellata,Halenia umbellata,NA
PIL,C,5,Forb,Asteraceae,Hieracium sp,Hieracium cf. mandonii,NA
PIL,C,5,Woody,Hypericaceae,Hypericum andinum,Hypericum andinum,NA
PIL,C,5,Gramminoid,Juncaceae,Luzula racemosa,Luzula racemosa,NA
PIL,C,5,Fern,Lycopodiaceae,Lycopodium sp,Lycopodium clavatum,NA
PIL,C,5,Gramminoid,Poaceae,Agrostis sp2,Agrostis mertensii,NA
PIL,C,5,Gramminoid,Poaceae,Bromus spgreen,Festuca dolichophylla,"before was Festuca procera, modified by Lucely"
PIL,C,5,Gramminoid,Cyperaceae,Carex tristicha,Carex pygmaea,NA
PIL,C,5,Gramminoid,Juncaceae,Luzula spracemosa,Luzula racemosa,NA
PIL,C,5,Gramminoid,Poaceae,Paspalum bonplandianum,Paspalum bonplandianum,NA
PIL,C,5,Gramminoid,Cyperaceae,Rhynchospora macrochaeta,Rhynchospora macrochaeta,NA
PIL,C,5,Gramminoid,Poaceae,Calamagrostis sp2,Calamagrostis tarmensis,NA
PIL,C,5,Gramminoid,Poaceae,Calamagrostis splong,Calamagrostis tarmensis,NA
PIL,C,5,Gramminoid,Cyperaceae,Carex sp2,Carex bonplandii,NA
PIL,BB,1,Moss,NA,Branchy moss,moss unknown,NA
PIL,BB,1,Forb,Rubiaceae,Galium hypocarpium,Galium corymbosum,NA
PIL,BB,1,Woody,Ericaceae,Gaultheria glomerata,Gaultheria glomerata,NA
PIL,BB,1,Forb,Asteraceae,Hieracium sp,Hieracium cf. mandonii,NA
PIL,BB,1,Woody,Hypericaceae,Hypericum andinum,Hypericum andinum,NA
PIL,BB,1,Fern,Lycopodiaceae,Lycopodium sp,Lycopodium clavatum,NA
PIL,BB,1,Woody,Polygonaceae,Muehlenbeckia volcanica,Muehlenbeckia volcanica,NA
PIL,BB,1,Woody,Melastomataceae,Miconia rotundifolia,Miconia rotundifolia,NA
PIL,BB,1,Forb,Rubiaceae,Nertera granadensis,Nertera granadensis,NA
PIL,BB,1,Gramminoid,Poaceae,Paspalum bonplandianum,Paspalum bonplandianum,NA
PIL,BB,1,Forb,NA,indet,indet,NA
PIL,BB,1,Woody,Ericaceae,Vaccinium floribundum,Vaccinium floribundum,NA
PIL,BB,1,Gramminoid,Poaceae,Agrostis sp1,Agrostis breviculmis,NA
PIL,BB,1,Gramminoid,Poaceae,Bromus sp,Festuca dolichophylla,NA
PIL,BB,1,Gramminoid,Poaceae,Bromus spblue,Festuca procera,NA
PIL,BB,1,Gramminoid,Cyperaceae,Rhynchospora sp,Rhynchospora macrochaeta,NA
PIL,BB,1,Gramminoid,Cyperaceae,Rhynchospora macrochaeta,Rhynchospora macrochaeta,NA
PIL,BB,1,Gramminoid,Poaceae,Calamagrostis sp2,Calamagrostis tarmensis,NA
PIL,BB,1,Gramminoid,Cyperaceae,Carex tristicha,Carex pygmaea,NA
PIL,BB,1,Gramminoid,Poaceae,Agrostis sp2,Agrostis mertensii,NA
PIL,BB,2,Fern,Pteridaceae,Eriosorus cheilanthoides,Eriosorus cheilanthoides,NA
PIL,BB,2,Woody,Ericaceae,Gaultheria glomerata,Gaultheria glomerata,NA
PIL,BB,2,Woody,Hypericaceae,Hypericum andinum,Hypericum andinum,NA
PIL,BB,2,Fern,Lycopodiaceae,Lycopodium sp,Lycopodium clavatum,NA
PIL,BB,2,Forb,Rubiaceae,Nertera granadensis,Nertera granadensis,NA
PIL,BB,2,Gramminoid,Poaceae,Agrostis sp2,Agrostis mertensii,NA
PIL,BB,2,Gramminoid,Poaceae,Bromus sp,Festuca procera,NA
PIL,BB,2,Gramminoid,Cyperaceae,Carex sp,Carex pygmaea,"before Carex bonplandii, changed by lucely"
PIL,BB,2,Gramminoid,Poaceae,Paspalum bonplandianum,Paspalum bonplandianum,NA
PIL,BB,2,Gramminoid,Cyperaceae,Rhynchospora macrochaeta,Rhynchospora macrochaeta,NA
PIL,BB,2,Gramminoid,Poaceae,Calamagrostis sp2,Calamagrostis tarmensis,NA
PIL,BB,2,Gramminoid,Cyperaceae,Scirpus sp,Oreobolus goeppingeri,NA
PIL,BB,3,Forb,Rosaceae,Alchemilla vulcanica,Lachemilla cf vulcanica,NA
PIL,BB,3,Woody,Asteraceae,Baccharis tricuneata,Baccharis tricuneata,NA
PIL,BB,3,Fern,Pteridaceae,Eriosorus cheilanthoides,Eriosorus cheilanthoides,NA
PIL,BB,3,Woody,Hypericaceae,Hypericum andinum,Hypericum andinum,NA
PIL,BB,3,Forb,Rubiaceae,Nertera granadensis,Nertera granadensis,NA
PIL,BB,3,Woody,Ericaceae,Pernettya prostrata,Pernettya prostrata,NA
PIL,BB,3,Gramminoid,Poaceae,Agrostis sp2,Agrostis mertensii,NA
PIL,BB,3,Gramminoid,Cyperaceae,Rhynchospora macrochaeta,Rhynchospora macrochaeta,NA
PIL,BB,3,Gramminoid,Poaceae,Calamagrostis sp2,Calamagrostis tarmensis,NA
PIL,BB,3,Gramminoid,Cyperaceae,Carex tristicha,Carex pygmaea,NA
PIL,BB,3,Gramminoid,Poaceae,Calamagrostis splong,Calamagrostis tarmensis,NA
PIL,BB,3,Gramminoid,Poaceae,Bromus sp,Festuca procera,NA
WAY,B,1,Fern,Pteridaceae,Jamesonia scalaris,Jamesonia blepharum,NA
PIL,B,5,Gramminoid,Cyperaceae,Scripus sp,Oreobolus goeppingeri,changed by lucely
TRE,C,1,Gramminoid,Poaceae,Calamagrostis sp3,Calamagrostis cf. amoena,added by lucely
TRE,C,2,Forb,Asteraceae,Oreithales integrifolia,Oreithales integrifolia,added by lucely
TRE,C,3,Forb,Asteraceae,Oreithales integrifolia,Oreithales integrifolia,added by lucely
WAY,B,4,Gramminoid,Poaceae,Paspalum bonplandianum,Paspalum bonplandianum,added by lucely
WAY,B,5,Gramminoid,Poaceae,Paspalum bonplandianum,Paspalum bonplandianum,added by lucely
WAY,C,4,Gramminoid,Poaceae,Paspalum bonplandianum,Paspalum bonplandianum,added by lucely
WAY,C,5,Gramminoid,Poaceae,Paspalum bonplandianum,Paspalum bonplandianum,added by lucely
WAY,C,1,Gramminoid,Poaceae,Paspalum bonplandianum,Paspalum bonplandianum,added by lucely
WAY,C,2,Gramminoid,Poaceae,Paspalum bonplandianum,Paspalum bonplandianum,added by lucely
WAY,C,3,Gramminoid,Poaceae,Paspalum bonplandianum,Paspalum bonplandianum,added by lucely
QUE,B,4,Forb,Asteraceae,Hypochaeris taraxacoides,Hypochaeris taraxacoides,added by lucely
ACJ,B,1,Woody,Asteraceae,Baccharis genistelloides,Baccharis genistelloides,NA
ACJ,C,1,Woody,Asteraceae,Baccharis tricuneata,Baccharis tricuneata,NA
ACJ,B,3,Gramminoid,Cyperaceae,Carex pichinchensis,Carex pichinchensis,added by lucely
PIL,B,2,Gramminoid,Cyperaceae,Carex pichinchensis,Carex pichinchensis,added by lucely
PIL,C,3,Gramminoid,Cyperaceae,Carex pichinchensis,Carex pichinchensis,added by lucely
PIL,C,4,Gramminoid,Cyperaceae,Carex pichinchensis,Carex pichinchensis,added by lucely
PIL,C,5,Gramminoid,Cyperaceae,Carex pichinchensis,Carex pichinchensis,added by lucely
TRE,C,4,Forb,Asteraceae,Perezia pungens,Perezia pungens,added by lucely
ACJ,C,2,Fern,Dryopteridaceae,Elaphoglossum huacsaro,Elaphoglossum huacsaro,added by lucely
ACJ,C,2,Gramminoid,Cyperaceae,Rhynchospora macrochaeta,Rhynchospora macrochaeta,added by lucely
PIL,B,4,Forb,Asteraceae,Hypochaeris taraxacoides,Hypochaeris taraxacoides,added by lucely
TRE,C,2,Gramminoid,Poaceae,Agrostis sp2,Agrostis mertensii,added by lucely
TRE,B,2,Forb,Dryopteridaceae,Elaphoglossum huacsaro,Elaphoglossum huacsaro,added by lucely
ACJ,B,2,Fern,Polypodiaceae,Melpomene moniliformis,Melpomene moniliformis,added by lucely
WAY,B,2,Fern,Dryopteridaceae,Elaphoglossum huacsaro,Elaphoglossum huacsaro,added by lucely
WAY,B,5,Forb,Orchidaceae,Pterichis silvestris,Pterichis sp1,added by lucely
PIL,C,1,Woody,Asteraceae,Baccharis tricuneata,Baccharis tricuneata,added by lucely
TRE,C,2,Gramminoid,Poaceae,Calamagrostis sp3,Calamagrostis cf. amoena,added by lucely
PIL,B,2,Gramminoid,Cyperaceae,Carex tristicha,Carex pygmaea,added by lucely
